
DROP DATABASE IF EXISTS hk;
CREATE DATABASE hk;


USE hk;

CREATE TABLE Species (
    SpeciesID 	INT 	PRIMARY KEY ,
    SpecieName VARCHAR(100)  NULL,
    SpecieAbbreviation VARCHAR(10) NULL
);

CREATE TABLE Locations (
	LocationID INT PRIMARY KEY,
	Address VARCHAR(255),
    City  VARCHAR(100) NOT NULL,
    State VARCHAR(50) NOT NULL,
    Zip   VARCHAR(20) NOT NULL
);
CREATE TABLE Observations (
	ObservationID INT PRIMARY KEY,
    ObservationStartTime TIME NULL,
	ObservationEndTime TIME NULL,
    SpeciesTotal INT NULL
);
CREATE TABLE ObservationTimeRange (
	ObservationTimeRangeID INT,
    ObservationID INT,
    ObservationTimeRangeStart TIME NULL,
    ObservationTimeRangeEnd TIME NULL,
    ObservationTimeRangeSpeciesTotal INT,
	PRIMARY KEY (ObservationTimeRangeID, ObservationID),
    FOREIGN KEY (ObservationID) REFERENCES Observations(ObservationID)
);

CREATE TABLE ObservationTimeRangeSpecies (
	ObservationTimeRangeID INT,
    SpeciesID INT,
	SpecieAbbreviation VARCHAR(10) NULL,
    SpecieCount INT NULL,
    PRIMARY KEY (ObservationTimeRangeID, SpeciesID),
    FOREIGN KEY (ObservationTimeRangeID) REFERENCES ObservationTimeRange(ObservationTimeRangeID)
);
CREATE TABLE ObservationConditions (
    ObservationID INT,
    ObservationTimeRangeID INT,
    WindScale INT NULL,
    WindSpeed DECIMAL(5, 2) NULL,
    WindDirection VARCHAR(15) NULL,
    VisibilityDistance DECIMAL(6, 2) NULL,
    CloudPercentage DECIMAL(5, 2) NULL,
    Temperature FLOAT NULL,
    PrecipitationPresent VARCHAR(3) NULL,
    PrecipitationType VARCHAR(50) NULL,
    HumidityLevel DECIMAL(6, 2) NULL,
    AirPressure VARCHAR(50) NULL,
    FlightDirection VARCHAR(255) NULL,
    FlightHeight INT NULL,
    FlightDescription VARCHAR(80) NULL,
	PRIMARY KEY (ObservationID, ObservationTimeRangeID),
    FOREIGN KEY (ObservationID) REFERENCES Observations(ObservationID),
    FOREIGN KEY (ObservationTimeRangeID) REFERENCES ObservationTimeRange(ObservationTimeRangeID)
);
CREATE TABLE NovemberObservationMetrics (
	MetricsID INT PRIMARY KEY,
    LocationID INT ,
    ObservationMonthTotalHrs DECIMAL(5, 2),
    ObservationMonthTotalSpecies INT,
    FOREIGN KEY (LocationID) REFERENCES Locations(LocationID)
);

INSERT INTO Species VALUES 
(0,NULL,NULL),                       
(1,'Black Vulture','BV'),
(2,'Turkey Vulture','TV'),
(3,'Osprey','OS'),
(4,'Bald Eagle','BE'),
(5,'Northern Harrier','NH'),
(6,'Sharp-shinned Hawk','SS'),
(7,'Coopers Hawk','CH'),
(8,'American Goshawk','AG'),
(9,'Red-shouldered Hawk','RS'),
(10,'Broad-winged hawk','BH'),
(11,NULL,NULL),
(12,'Red-tailed Hawk','RT'),
(13,'Rough-legged Hawk','RL'),
(14,'Golden Eagle','GE'),
(15,'American Kestrel','AK'),
(16,'Merlin','ML'),
(17,'Peregrine Falcon','PG'),
(18,'Unknown Accipiter','UA'),
(19,'Unknown Buteo','UB'),
(20,'Unknown Falcon','UF'),
(21,'Unknown Eagle','UE'),
(22,'Unknown Raptor','UR');

INSERT INTO Locations VALUES
(001,'Waggoners Gap RD', 'Landisburg', 'Pennsylvania', 17040),
(0002, '32481 W Jefferson Ave', 'Brownstown', 'Michigan', 48173),
(00003,'5162 Valleypointe Parkway','Roanoke', 'VA', 24019);

INSERT INTO Observations VALUES
(001,'06:00:00','17:00:00',186),
(002,'06:00:00','16:00:00',201),
(003,'07:00:00','16:00:00',154),
(004,'06:00:00','17:00:00',119),
(005,'06:00:00','17:00:00',104),
(006,'08:00:00','16:30:00',123),
(007,'08:00:00','17:00:00',43),
(008,'08:00:00','17:00:00',98),
(009,'08:00:00','17:00:00',94),
(010,'09:00:00','17:00:00',27),
(011,'07:00:00','18:00:00',121),
(012,'08:00:00','17:00:00',55),
(013,'08:00:00','17:00:00',48),
(014,'07:00:00','17:00:00',72),
(015,'08:00:00','16:00:00',41),
(016,'08:00:00','16:00:00',23),
(017,'08:00:00','16:00:00',17),
(018,'06:00:00','17:00:00',62),
(019,'07:00:00','18:00:00',49),
(020,'09:00:00','16:00:00',27),
(021,NULL,NULL,NULL),
(022,'08:00:00','16:00:00',66),
(023,'06:30:00','16:00:00',62),
(024,'07:00:00','17:00:00',70),
(025,'08:00:00','16:15:00',26);

INSERT INTO ObservationTimeRange VALUES 
(1,001,'6:00:00','7:00:00',6),
(2,001,'7:00:00','8:00:00',12),
(3,001,'8:00:00','9:00:00',14),
(4,001,'9:00:00','10:00:00',14),
(5,001,'10:00:00','11:00:00',32),
(6,001,'11:00:00','12:00:00',9),
(7,001,'12:00:00','13:00:00',15),
(8,001,'13:00:00','14:00:00',13),
(9,001,'14:00:00','15:00:00',26),
(10,001,'15:00:00','16:00:00',31),
(11,001,'16:00:00','17:00:00',14),

(12,002,'6:00:00','7:00:00',0),
(13,002,'7:00:00','8:00:00',0),
(14,002,'8:00:00','9:00:00',3),
(15,002,'9:00:00','10:00:00',35),
(16,002,'10:00:00','11:00:00',44),
(17,002,'11:00:00','12:00:00',23),
(18,002,'12:00:00','13:00:00',27),
(19,002,'13:00:00','14:00:00',38),
(20,002,'14:00:00','15:00:00',15),
(21,002,'15:00:00','16:00:00',16),

(22,003,'7:00:00','8:00:00',1),
(23,003,'8:00:00','9:00:00',2),
(24,003,'9:00:00','10:00:00',3),
(25,003,'10:00:00','11:00:00',13),
(26,003,'11:00:00','12:00:00',21),
(27,003,'12:00:00','13:00:00',12),
(28,003,'13:00:00','14:00:00',35),
(29,003,'14:00:00','15:00:00',51),
(30,003,'15:00:00','16:00:00',16),

(31,004,'6:00:00','7:00:00',0),
(32,004,'7:00:00','8:00:00',0),
(33,004,'8:00:00','9:00:00',2),
(34,004,'9:00:00','10:00:00',0),
(35,004,'10:00:00','11:00:00',5),
(36,004,'11:00:00','12:00:00',15),
(37,004,'12:00:00','13:00:00',38),
(38,004,'13:00:00','14:00:00',24),
(39,004,'14:00:00','15:00:00',27),
(40,004,'15:00:00','16:00:00',8),
(41,004,'16:00:00','17:00:00',0), 

(42,005,'6:00:00','7:00:00',1),
(43,005,'7:00:00','8:00:00',0),
(44,005,'8:00:00','9:00:00',0),
(45,005,'9:00:00','10:00:00',4),
(46,005,'10:00:00','11:00:00',12),
(47,005,'11:00:00','12:00:00',16),
(48,005,'12:00:00','13:00:00',15),
(49,005,'13:00:00','14:00:00',13),
(50,005,'14:00:00','15:00:00',13),
(51,005,'15:00:00','16:00:00',20),
(52,005,'16:00:00','17:00:00',10),

(53,006,'8:00:00','9:00:00',1),
(54,006,'9:00:00','10:00:00',19),
(55,006,'10:00:00','11:00:00',20),
(56,006,'11:00:00','12:00:00',10),
(57,006,'12:00:00','13:00:00',19),
(58,006,'13:00:00','14:00:00',32),
(59,006,'14:00:00','15:00:00',14),
(60,006,'15:00:00','16:30:00',8),

(61,007,'8:00:00','9:00:00',0),
(62,007,'9:00:00','10:00:00',0),
(63,007,'10:00:00','11:00:00',1),
(64,007,'11:00:00','12:00:00',9),
(65,007,'12:00:00','13:00:00',7),
(66,007,'13:00:00','14:00:00',3),
(67,007,'14:00:00','15:00:00',6),
(68,007,'15:00:00','16:00:00',10),
(69,007,'16:00:00','17:00:00',7),

(70,008,'8:00:00','9:00:00',4),
(71,008,'9:00:00','10:00:00',6),
(72,008,'10:00:00','11:00:00',9),
(73,008,'11:00:00','12:00:00',4),
(74,008,'12:00:00','13:00:00',12),
(75,008,'13:00:00','14:00:00',22),
(76,008,'14:00:00','15:00:00',22),
(77,008,'15:00:00','16:00:00',17),
(78,008,'16:00:00','17:00:00',2),

(79,009,'8:00:00','9:00:00',0),
(80,009,'9:00:00','10:00:00',2),
(81,009,'10:00:00','11:00:00',5),
(82,009,'11:00:00','12:00:00',1),
(83,009,'12:00:00','13:00:00',6),
(84,009,'13:00:00','14:00:00',69),
(85,009,'14:00:00','15:00:00',5),
(86,009,'15:00:00','16:00:00',5),
(87,009,'16:00:00','17:00:00',0),

(88,010,'9:00:00','10:00:00',2),
(89,010,'10:00:00','11:00:00',0),
(90,010,'11:00:00','12:00:00',1),
(91,010,'12:00:00','13:00:00',1),
(92,010,'13:00:00','14:00:00',2),
(93,010,'14:00:00','15:00:00',3),
(94,010,'15:00:00','16:00:00',16),
(95,010,'16:00:00','17:00:00',2),

(96,011,'7:00:00','8:00:00',1),
(97,011,'8:00:00','9:00:00',0),
(98,011,'9:00:00','10:00:00',3),
(99,011,'10:00:00','11:00:00',11),
(100,011,'11:00:00','12:00:00',11),
(101,011,'12:00:00','13:00:00',20),
(102,011,'13:00:00','14:00:00',38),
(103,011,'14:00:00','15:00:00',28),
(104,011,'15:00:00','16:00:00',8),
(105,011,'16:00:00','17:00:00',1),
(106,011,'17:00:00','18:00:00',0),

(107,012,'8:00:00','9:00:00',0),
(108,012,'9:00:00','10:00:00',11),
(109,012,'10:00:00','11:00:00',9),
(110,012,'11:00:00','12:00:00',15),
(111,012,'12:00:00','13:00:00',6),
(112,012,'13:00:00','14:00:00',10),
(113,012,'14:00:00','15:00:00',3),
(114,012,'15:00:00','16:00:00',0),
(115,012,'16:00:00','17:00:00',1),

(116,013,'8:00:00','9:00:00',0),
(117,013,'9:00:00','10:00:00',1),
(118,013,'10:00:00','11:00:00',3),
(119,013,'11:00:00','12:00:00',8),
(120,013,'12:00:00','13:00:00',10),
(121,013,'13:00:00','14:00:00',10),
(122,013,'14:00:00','15:00:00',11),
(123,013,'15:00:00','16:00:00',5),
(124,013,'16:00:00','17:00:00',0),

(125,014,'7:00:00','8:00:00',1),
(126,014,'8:00:00','9:00:00',17),
(127,014,'9:00:00','10:00:00',9),
(128,014,'10:00:00','11:00:00',10),
(129,014,'11:00:00','12:00:00',3),
(130,014,'12:00:00','13:00:00',5),
(131,014,'13:00:00','14:00:00',13),
(132,014,'14:00:00','15:00:00',9),
(133,014,'15:00:00','16:00:00',3),
(134,014,'16:00:00','17:00:00',2),

(135,015,'8:00:00','9:00:00',1),
(136,015,'9:00:00','10:00:00',0),
(137,015,'10:00:00','11:00:00',9),
(138,015,'11:00:00','12:00:00',15),
(139,015,'12:00:00','13:00:00',8),
(140,015,'13:00:00','14:00:00',3),
(141,015,'14:00:00','15:00:00',2),
(142,015,'15:00:00','16:00:00',3),

(143,016,'8:00:00','9:00:00',0),
(144,016,'9:00:00','10:00:00',0),
(145,016,'10:00:00','11:00:00',3),
(146,016,'11:00:00','12:00:00',3),
(147,016,'12:00:00','13:00:00',9),
(148,016,'13:00:00','14:00:00',5),
(149,016,'14:00:00','15:00:00',3),
(150,016,'15:00:00','16:00:00',0),

(151,017,'8:00:00','9:00:00',1),
(152,017,'9:00:00','10:00:00',7),
(153,017,'10:00:00','11:00:00',0),
(154,017,'11:00:00','12:00:00',2),
(155,017,'12:00:00','13:00:00',0),
(156,017,'13:00:00','14:00:00',5),
(157,017,'14:00:00','15:00:00',2),
(158,017,'15:00:00','16:00:00',0),

(159,018,'6:00:00','7:00:00',0),
(160,018,'7:00:00','8:00:00',4),
(161,018,'8:00:00','9:00:00',10),
(162,018,'9:00:00','10:00:00',6),
(163,018,'10:00:00','11:00:00',5),
(164,018,'11:00:00','12:00:00',3),
(165,018,'12:00:00','13:00:00',9),
(166,018,'13:00:00','14:00:00',7),
(167,018,'14:00:00','15:00:00',11),
(168,018,'15:00:00','16:00:00',6),
(169,018,'16:00:00','17:00:00',1),

(170,019,'7:00:00','8:00:00',0),
(171,019,'8:00:00','9:00:00',0),
(172,019,'9:00:00','10:00:00',1),
(173,019,'10:00:00','11:00:00',14),
(174,019,'11:00:00','12:00:00',11),
(175,019,'12:00:00','13:00:00',6),
(176,019,'13:00:00','14:00:00',8),
(177,019,'14:00:00','15:00:00',7),
(178,019,'15:00:00','16:00:00',2),
(179,019,'16:00:00','17:00:00',0),
(180,019,'17:00:00','18:00:00',0),

(181,020,'9:00:00','10:00:00',2),
(182,020,'10:00:00','11:00:00',12),
(183,020,'11:00:00','12:00:00',7),
(184,020,'12:00:00','13:00:00',2),
(185,020,'13:00:00','14:00:00',4),
(186,020,'14:00:00','15:00:00',0),
(187,020,'15:00:00','16:00:00',0),

(188,021,NULL,NULL,NULL),

(189,022,'8:00:00','9:00:00',1),
(190,022,'9:00:00','10:00:00',4),
(191,022,'10:00:00','11:00:00',15),
(192,022,'11:00:00','12:00:00',11),
(193,022,'12:00:00','13:00:00',5),
(194,022,'13:00:00','14:00:00',18),
(195,022,'14:00:00','15:00:00',5),
(196,022,'15:00:00','16:00:00',7),

(197,023,'6:30:00','7:00:00',1),
(198,023,'7:00:00','8:00:00',1),
(199,023,'8:00:00','9:00:00',6),
(200,023,'9:00:00','10:00:00',6),
(201,023,'10:00:00','11:00:00',5),
(202,023,'11:00:00','12:00:00',10),
(203,023,'12:00:00','13:00:00',4),
(204,023,'13:00:00','14:00:00',21),
(205,023,'14:00:00','15:00:00',4),
(206,023,'15:00:00','16:00:00',4),

(207,024,'7:00:00','8:00:00',1),
(208,024,'8:00:00','9:00:00',0),
(209,024,'9:00:00','10:00:00',12),
(210,024,'10:00:00','11:00:00',9),
(211,024,'11:00:00','12:00:00',14),
(212,024,'12:00:00','13:00:00',11),
(213,024,'13:00:00','14:00:00',9),
(214,024,'14:00:00','15:00:00',7),
(215,024,'15:00:00','16:00:00',5),
(216,024,'16:00:00','17:00:00',2),

(217,025,'8:00:00','9:00:00',0),
(218,025,'9:00:00','10:00:00',0),
(219,025,'10:00:00','11:00:00',5),
(220,025,'11:00:00','12:00:00',5),
(221,025,'12:00:00','13:00:00',9),
(222,025,'13:00:00','14:00:00',3),
(223,025,'14:00:00','15:00:00',3),
(224,025,'15:00:00','16:15:00',1);

INSERT INTO ObservationTimeRangeSpecies VALUES

(1,2,'TV',3),
(1,12,'RT',1),
(1,14,'GE',2),
(2,2,'TV',4),
(2,4,'BE',7),
(2,12,'RT',1),
(3,2,'TV',2),
(3,4,'BE',1),
(3,6,'SS',7),
(3,7,'CH',1),
(3,12,'RT',3),
(4,4,'BE',1),
(4,6,'SS',2),
(4,7,'CH',2),
(4,9,'RS',1),
(4,12,'RT',7),
(4,14,'GE',1),
(5,2,'TV',7),
(5,4,'BE',3),
(5,6,'SS',6),
(5,7,'CH',3),
(5,9,'RS',2),
(5,12,'RT',10),
(5,17,'PG',1),
(6,6,'SS',3),
(6,7,'CH',1),
(6,12,'RT',2),
(6,14,'GE',2),
(6,17,'PG',1),
(7,4,'BE',2),
(7,6,'SS',4),
(7,7,'CH',1),
(7,12,'RT',8),
(8,4,'BE',1),
(8,6,'SS',6),
(8,7,'CH',1),
(8,9,'RS',1),
(8,12,'RT',1),
(8,14,'GE',3),
(9,2,'TV',1),
(9,4,'BE',5),
(9,6,'SS',7),
(9,12,'RT',9),
(9,14,'GE',4),
(10,2,'TV',18),
(10,4,'BE',3),
(10,9,'RS',1),
(10,12,'RT',7),
(10,14,'GE',1),
(10,17,'PG',1),
(11,4,'BE',1),
(11,6,'SS',1),
(11,12,'RT',11),
(11,16,'ML',1),

(12,0,NULL,NULL),
(13,0,NULL,NULL),
(14,6,'SS',3),
(15,2,'TV',21),
(15,6,'SS',4),
(15,9,'RS',1),
(15,12,'RT',7),
(15,14,'GE',2),
(16,2,'TV',7),
(16,4,'BE',3),
(16,6,'SS',3),
(16,9,'RS',2),
(16,12,'RT',27),
(16,14,'GE',1),
(16,16,'ML',1),
(17,2,'TV',10),
(17,3,'OS',1),
(17,5,'NH',1),
(17,6,'SS',2),
(17,9,'RS',2),
(17,12,'RT',7),
(18,2,'TV',4),
(18,3,'OS',1),
(18,4,'BE',1),
(18,5,'NH',1),
(18,6,'SS',6),
(18,9,'RS',3),
(18,12,'RT',10),
(18,22,'UR',1),
(19,1,'BV',2),
(19,2,'TV',29),
(19,9,'RS',3),
(19,12,'RT',3),
(19,14,'GE',1),
(20,2,'TV',2),
(20,6,'SS',2),
(20,12,'RT',10),
(20,14,'GE',1),
(21,6,'SS',2),
(21,12,'RT',12),
(21,14,'GE',2),

(22,6,'SS',1),
(23,6,'SS',2),
(24,6,'SS',2),
(24,12,'RT',1),
(25,2,'TV',2),
(25,4,'BE',1),
(25,6,'SS',4),
(25,12,'RT',6),
(26,2,'TV',8),
(26,4,'BE',2),
(26,5,'NH',1),
(26,6,'SS',2),
(26,9,'RS',2),
(26,12,'RT',6),
(27,2,'TV',4),
(27,4,'BE',1),
(27,6,'SS',1),
(27,7,'CH',1),
(27,9,'RS',2),
(27,12,'RT',2),
(27,14,'GE',1),
(28,2,'TV',9),
(28,4,'BE',3),
(28,6,'SS',3),
(28,9,'RS',4),
(28,12,'RT',13),
(28,14,'GE',3),
(29,2,'TV',13),
(29,4,'BE',3),
(29,6,'SS',2),
(29,9,'RS',2),
(29,12,'RT',29),
(29,14,'GE',1),
(29,19,'UB',1),
(30,12,'RT',15),
(30,14,'GE',1),


(31,0,NULL,NULL),
(32,0,NULL,NULL),
(33,5,'NH',1),
(33,6,'SS',1),
(34,0,NULL,NULL),
(35,6,'SS',5),
(36,2,'TV',3),
(36,6,'SS',6),
(36,7,'CH',1),
(36,9,'RS',2),
(36,12,'RT',3),
(37,2,'TV',8),
(37,4,'BE',2),
(37,5,'NH',1),
(37,6,'SS',9),
(37,7,'CH',1),
(37,9,'RS',2),
(37,12,'RT',15),
(38,2,'TV',6),
(38,4,'BE',2),
(38,5,'NH',1),
(38,6,'SS',3),
(38,12,'RT',8),
(38,14,'GE',4),
(39,2,'TV',16),
(39,5,'NH',1),
(39,6,'SS',1),
(39,12,'RT',9),
(40,5,'NH',2),
(40,6,'SS',1),
(40,12,'RT',3),
(40,16,'ML',2),
(41,0,NULL,NULL),

(42,15,'AK',1),
(43,0,NULL,NULL),
(44,0,NULL,NULL),
(45,6,'SS',4),
(46,6,'SS',7),
(46,9,'RS',1),
(46,12,'RT',4),
(47,4,'BE',1),
(47,5,'NH',1),
(47,6,'SS',2),
(47,7,'CH',1),
(47,9,'RS',1),
(47,12,'RT',9),
(47,14,'GE',1),
(48,2,'TV',4),
(48,5,'NH',1),
(48,6,'SS',2),
(48,7,'CH',1),
(48,12,'RT',6),
(48,13,'RL',1),
(49,4,'BE',1),
(49,6,'SS',1),
(49,7,'CH',2),
(49,12,'RT',9),
(50,5,'NH',1),
(50,6,'SS',1),
(50,9,'RS',1),
(50,12,'RT',9),
(50,14,'GE',1),
(51,4,'BE',2),
(51,5,'NH',1),
(51,6,'SS',3),
(51,7,'CH',1),
(51,9,'RS',2),
(51,12,'RT',9),
(51,14,'GE',2),
(52,4,'BE',2),
(52,5,'NH',3),
(52,6,'SS',2),
(52,12,'RT',3),

(53,12,'RT',1),
(54,2,'TV',14),
(54,6,'SS',1),
(54,12,'RT',4),
(55,6,'SS',1),
(55,9,'RS',4),
(55,12,'RT',13),
(55,14,'GE',1),
(55,19,'UB',1),
(56,9,'RS',1),
(56,12,'RT',7),
(56,14,'GE',1),
(56,22,'UR',1),
(57,4,'BE',3),
(57,5,'NH',1),
(57,9,'RS',3),
(57,12,'RT',10),
(57,14,'GE',2),
(58,4,'BE',3),
(58,6,'SS',5),
(58,9,'RS',1),
(58,12,'RT',21),
(58,14,'GE',1),
(58,22,'UR',1),
(59,12,'RT',14),
(60,4,'BE',2),
(60,6,'SS',2),
(60,9,'RS',1),
(60,12,'RT',2),
(60,16,'ML',1),

(61,0,NULL,NULL),
(62,0,NULL,NULL),
(63,4,'BE',1),
(64,4,'BE',2),
(64,6,'SS',2),
(64,12,'RT',5),
(65,5,'NH',2),
(65,7,'CH',1),
(65,12,'RT',4),
(66,12,'RT',2),
(66,14,'GE',1),
(67,4,'BE',2),
(67,6,'SS',2),
(67,12,'RT',2),
(68,5,'NH',1),
(68,6,'SS',1),
(68,12,'RT',6),
(68,14,'GE',1),
(68,16,'ML',1),
(69,5,'NH',1),
(69,12,'RT',3),
(69,14,'GE',3),

(70,2,'TV',2),
(70,4,'BE',1),
(70,6,'SS',1),
(71,8,'AG',1),
(71,9,'RS',1),
(71,12,'RT',2),
(71,14,'GE',2),
(72,4,'BE',4),
(72,9,'RS',3),
(72,14,'GE',2),
(73,9,'RS',2),
(73,12,'RT',1),
(73,14,'GE',1),
(74,9,'RS',4),
(74,12,'RT',7),
(74,14,'GE',1),
(75,9,'RS',12),
(75,12,'RT',10),
(76,6,'SS',2),
(76,9,'RS',9),
(76,12,'RT',10),
(76,14,'GE',1),
(77,6,'RS',4),
(77,12,'RT',11),
(77,14,'GE',2),
(78,12,'RT',2),

(79,2,'TV',1),
(80,0,NULL,NULL),
(81,5,'NH',1),
(81,6,'SS',1),
(82,2,'TV',1),
(82,9,'RS',3),
(82,12,'RT',1),
(83,12,'RT',1),
(84,6,'SS',2),
(84,9,'RS',2),
(84,12,'RT',1),
(84,22,'UR',1),
(85,2,'TV',12),
(85,6,'SS',3),
(85,9,'RS',7),
(85,12,'RT',45),
(85,14,'GE',2),
(86,12,'RT',5),
(87,12,'RT',4),
(87,14,'GE',1),

(88,6,'SS',1),
(88,12,'RT',1),
(89,0,NULL,NULL),
(90,6,'SS',1),
(91,6,'SS',1),
(92,5,'NH',1),
(92,12,'RT',1),
(93,4,'BE',2),
(93,12,'RT',1),
(94,2,'TV',7),
(94,6,'SS',1),
(94,12,'RT',8),
(95,5,'NH',1),
(95,12,'RT',1),

(96,12,'RT',1),
(97,0,NULL,NULL),
(98,6,'SS',1),
(98,12,'RT',2),
(99,9,'RS',5),
(99,12,'RT',6),
(100,4,'BE',2),
(100,12,'RT',9),
(101,4,'BE',3),
(101,5,'NH',2),
(101,6,'SS',3),
(101,7,'CH',1),
(101,9,'RS',1),
(101,12,'RT',7),
(101,14,'GE',3),
(102,2,'TV',11),
(102,4,'BE',3),
(102,9,'RS',3),
(102,12,'RT',19),
(102,14,'GE',2),
(103,4,'BE',5),
(103,5,'NH',1),
(103,6,'SS',1),
(103,9,'RS',3),
(103,12,'RT',17),
(103,14,'GE',1),
(104,4,'BE',3),
(104,9,'RS',1),
(104,12,'RT',1),
(104,14,'GE',3),
(105,12,'RT',1),
(106,0,NULL,NULL),

(107,0,NULL,NULL),
(108,6,'SS',1),
(108,9,'RS',2),
(108,12,'RT',7),
(108,14,'GE',1),
(109,6,'SS',1),
(109,12,'RT',7),
(109,14,'GE',1),
(110,4,'BE',2),
(110,9,'RS',3),
(110,12,'RT',7),
(110,14,'GE',2),
(110,19,'UB',1),
(111,6,'SS',1),
(111,12,'RT',3),
(111,14,'GE',1),
(111,16,'ML',1),
(112,2,'TV',7),
(112,9,'RS',1),
(112,12,'RT',2),
(113,12,'RT',1),
(113,14,'GE',2),
(114,0,NULL,NULL),
(115,14,'GE',1),

(116,0,NULL,NULL),
(117,14,'GE',1),
(118,4,'BE',2),
(118,21,'UE',1),
(119,4,'BE',1),
(119,12,'RT',6),
(119,14,'GE',1),
(120,4,'BE',5),
(120,9,'RS',1),
(120,12,'RT',4),
(121,4,'BE',5),
(121,12,'RT',4),
(121,14,'GE',1),
(122,2,'TV',3),
(122,12,'RT',8),
(123,4,'BE',2),
(123,12,'RT',3),
(124,0,NULL,NULL),

(125,12,'RT',1),
(126,4,'BE',6),
(126,6,'SS',1),
(126,12,'RT',4),
(126,14,'GE',6),
(127,2,'TV',2),
(127,6,'SS',2),
(127,12,'RT',5),
(128,2,'TV',2),
(128,4,'BE',1),
(128,6,'SS',1),
(128,7,'CH',1),
(128,12,'RT',5),
(129,4,'BE',1),
(129,12,'RT',2),
(130,5,'NH',1),
(130,6,'SS',1),
(130,12,'RT',3),
(131,4,'BE',4),
(131,12,'RT',9),
(132,4,'BE',1),
(132,12,'RT',8),
(133,4,'BE',2),
(133,12,'RT',1),
(134,12,'RT',1),
(134,14,'GE',1),

(135,12,'RT',1),
(136,0,NULL,NULL),
(137,2,'TV',5),
(137,4,'BE',1),
(137,12,'RT',3),
(138,2,'TV',5),
(138,4,'BE',5),
(138,12,'RT',4),
(138,14,'GE',1),
(139,2,'TV',1),
(139,4,'BE',2),
(139,12,'RT',5),
(140,4,'BE',1),
(140,12,'RT',2),
(141,4,'BE',1),
(141,12,'RT',1),
(142,4,'BE',1),
(142,12,'RT',1),
(142,14,'GE',1),

(143,0,NULL,NULL),
(144,0,NULL,NULL),
(145,6,'SS',1),
(145,12,'RT',2),
(146,2,'TV',2),
(146,12,'RT',1),
(147,4,'BE',1),
(147,6,'SS',2),
(147,12,'RT',6),
(148,4,'BE',2),
(148,5,'NH',1),
(148,12,'RT',2),
(149,7,'CH',1),
(149,12,'RT',2),
(150,0,NULL,NULL),

(151,5,'NH',1),
(152,2,'TV',6),
(152,12,'RT',1),
(153,0,NULL,NULL),
(154,2,'TV',1),
(154,12,'RT',1),
(155,0,NULL,NULL),
(156,2,'TV',2),
(156,5,'NH',1),
(156,12,'RT',2),
(157,4,'BE',1),
(157,16,'ML',1),
(158,0,NULL,NULL),

(159,0,NULL,NULL),
(160,12,'RT',3),
(160,14,'GE',1),
(161,4,'BE',6),
(161,12,'RT',3),
(161,14,'GE',1),
(162,4,'BE',2),
(162,12,'RT',3),
(162,14,'GE',1),
(163,4,'BE',1),
(163,9,'RS',1),
(163,12,'RT',2),
(163,18,'UA',1),
(164,4,'BE',1),
(164,12,'RT',1),
(164,14,'GE',1),
(165,4,'BE',3),
(165,8,'AG',1),
(165,12,'RT',2),
(165,14,'GE',3),
(166,4,'BE',2),
(166,12,'RT',2),
(166,14,'GE',3),
(167,4,'BE',4),
(167,5,'NH',1),
(167,12,'RT',5),
(167,14,'GE',1),
(168,4,'BE',1),
(168,12,'RT',4),
(168,14,'GE',1),
(169,4,'BE',1),

(170,0,NULL,NULL),
(171,0,NULL,NULL),
(172,12,'RT',1),
(173,9,'RS',1),
(173,12,'RT',13),
(174,6,'SS',1),
(174,12,'RT',8),
(174,14,'GE',2),
(175,12,'RT',6),
(176,12,'RT',7),
(176,14,'GE',1),
(177,4,'BE',1),
(177,12,'RT',6),
(178,5,'NH',1),
(178,12,'RT',1),
(179,0,NULL,NULL),
(180,0,NULL,NULL),

(181,12,'RT',1),
(181,14,'GE',1),
(182,2,'TV',3),
(182,4,'BE',1),
(182,12,'RT',8),
(183,9,'RS',2),
(183,12,'RT',5),
(184,12,'RT',2),
(185,12,'RT',4),
(186,0,NULL,NULL),
(187,0,NULL,NULL),

(188,0,NULL,NULL),

(189,12,'RT',1),
(190,2,'TV',3),
(190,12,'RT',1),
(191,2,'TV',3),
(191,4,'BE',2),
(191,9,'RS',1),
(191,12,'RT',8),
(191,14,'GE',1),
(192,2,'TV',1),
(192,4,'BE',4),
(192,9,'RS',1),
(192,12,'RT',4),
(192,14,'GE',1),
(193,4,'BE',2),
(193,12,'RT',2),
(193,14,'GE',1),
(194,4,'BE',9),
(194,12,'RT',8),
(194,22,'UR',1),
(195,4,'BE',1),
(195,5,'NH',1),
(195,12,'RT',3),
(196,4,'BE',1),
(196,12,'RT',4),
(196,14,'GE',1),
(196,21,'UE',1),

(197,14,'GE',1),
(198,14,'GE',1),
(199,4,'BE',2),
(199,14,'GE',4),
(200,2,'TV',3),
(200,4,'BE',1),
(200,12,'RT',2),
(201,9,'RS',1),
(201,12,'RT',4),
(202,4,'BE',1),
(202,12,'RT',9),
(203,4,'BE',1),
(203,12,'RT',3),
(204,2,'TV',19),
(204,12,'RT',2),
(205,12,'RT',4),
(206,12,'RT',3),
(206,14,'GE',1),

(207,4,'BE',1),
(208,0,NULL,NULL),
(209,2,'TV',5),
(209,12,'RT',7),
(210,2,'TV',4),
(210,4,'BE',1),
(210,5,'NH',1),
(210,14,'GE',3),
(211,4,'BE',2),
(211,6,'SS',1),
(211,7,'CH',1),
(211,8,'AG',1),
(211,12,'RT',7),
(211,14,'GE',2),
(212,12,'RT',9),
(212,14,'GE',2),
(213,2,'TV',1),
(213,4,'BE',1),
(213,12,'RT',3),
(213,14,'GE',4),
(214,4,'BE',1),
(214,12,'RT',4),
(214,14,'GE',2),
(215,4,'BE',4),
(215,12,'RT',1),
(216,14,'GE',2),

(217,0,NULL,NULL),
(218,0,NULL,NULL),
(219,2,'TV',1),
(219,12,'RT',4),
(220,2,'TV',1),
(220,12,'RT',4),
(221,2,'TV',5),
(221,4,'BE',1),
(221,12,'RT',1),
(221,13,'RL',1),
(221,14,'GE',1),
(222,2,'TV',3),
(223,4,'BE',2),
(223,14,'GE',1),
(224,14,'GE',1);


INSERT INTO ObservationConditions VALUES 
(001,1,3,12,'NW',20,100,2,1,'Fog',0,0,'WSW',2,'Unaided eye'),
(001,2,4,20,'NW',25,50,1,1,'Fog',0,0,'WSW',2,'Unaided eye'),
(001,3,4,20,'NW',30,60,1.5,1,'Fog',0,0,'WSW',2,'Unaided eye'),
(001,4,4,20,'NW',30,65,1,1,'Fog',0,0,'WSW',2,'Unaided eye'),
(001,5,3,12,'NW',40,80,1.5,0,'None',0,0,'WSW',2,'Unaided eye'),
(001,6,3,12,'NW',50,40,3.5,1,'Fog',0,0,'WSW',2,'Unaided eye'),
(001,7,4,20,'NW',40,55,4,1,'Fog',0,0,'WSW',2,'Unaided eye'),
(001,8,4,20,'NW',50,40,4,0,'None',0,0,'WSW',2,'Unaided eye'),
(001,9,3,12,'NW',50,75,5,0,'None',0,0,'WSW',2,'Unaided eye'),
(001,10,2,6,'NW',50,75,4.5,0,'None',0,0,'WSW',2,'Unaided eye'),
(001,11,3,12,'NW',50,30,4,0,'Fog',0,0,'WSW',2,'Unaided eye'),

(002,12,0,1,NULL,50,0,1,0,'None',0,0,NULL,2,'Unaided eye'),
(002,13,0,1,NULL,50,0,1,0,'None',0,0,NULL,2,'Unaided eye'),
(002,14,1,1,'W',50,0,2,0,'None',0,0,'SW',2,'Unaided eye'),
(002,15,1,1,'W',50,10,3,0,'None',0,0,'SW',2,'Unaided eye'),
(002,16,1,1,'WSW',50,0,4.5,0,'None',0,0,'SW',2,'Unaided eye'),
(002,17,2,6,'SW',50,5,8,0,'None',0,0,'SW',2,'Unaided eye'),
(002,18,2,6,'SW',50,5,7,0,'None',0,0,'SW',2,'Unaided eye'),
(002,19,2,6,'SW',50,5,7,0,'None',0,0,'SW',2,'Unaided eye'),
(002,20,1,1,'SW',50,5,9,0,'None',0,0,'SW',2,'Unaided eye'),
(002,21,2,6,'SW',50,10,7.5,0,'None',0,0,'SW',2,'Unaided eye'),

(003,22,2,6,'SSW',25,0,2,1,'Fog',0,0,'SW',1,'Eye level to 30m'),
(003,23,2,6,'SSW',30,0,3.5,1,'Fog',0,0,'SW',1,'Eye level to 30m'),
(003,24,2,6,'S',30,0,3.5,1,'Fog',0,0,'SW',2,'Unaided eye'),
(003,25,3,12,'S',30,0,5.5,1,'Fog',0,0,'SW',2,'Unaided eye'),
(003,26,3,12,'S',30,5,10,1,'Fog',0,0,'SW',2,'Unaided eye'),
(003,27,2,6,'S',40,15,1.5,1,'Fog',0,0,'SW',2,'Unaided eye'),
(003,28,3,12,'S',35,10,12,1,'Fog',0,0,'SW',2,'Unaided eye'),
(003,29,2,6,'S',35,10,12,1,'Fog',0,0,'SW',2,'Unaided eye'),
(003,30,2,6,'S',35,0,12.5,1,'Fog',0,0,'SW',2,'Unaided eye'),

(004,31,2,6,'SW',25,75,6,1,'Fog',0,0,NULL,NULL,NULL),
(004,32,2,6,'SW',25,75,6,1,'Fog',0,0,NULL,NULL,NULL),
(004,33,2,6,'SW',25,100,7.5,1,'Fog',0,0,'SW',1,'Eye level to 30m'),
(004,34,2,6,'SW',30,90,7,1,'Fog',0,0,'SW',2,'Unaided eye'),
(004,35,2,6,'SW',35,100,10,1,'Fog',0,0,'SW',1,'Eye level to 30m'),
(004,36,2,6,'SW',35,90,12,0,'None',0,0,'SW',2,'Unaided eye'),
(004,37,2,6,'SSW',35,75,14,0,'None',0,0,'SW',2,'Unaided eye'),
(004,38,2,6,'SW',30,95,13.5,1,'Fog',0,0,'SW',2,'Unaided eye'),
(004,39,2,6,'SW',30,95,13,1,'Fog',0,0,'SW',2,'Unaided eye'),
(004,40,2,6,'SW',35,80,14,0,'None',0,0,'SW',2,'Unaided eye'),
(004,41,2,6,'SW',30,85,13,0,'None',0,0,NULL,NULL,NULL),

(005,42,1,1,'W',20,20,6,1,'Fog',0,0,'WSW',1,'Eye level to 30m'),
(005,43,1,1,'W',20,50,0,1,'Fog',0,0,NULL,NULL,NULL),
(005,44,1,1,'W',20,25,0,1,'Fog',0,0,NULL,NULL,NULL),
(005,45,1,1,'WNW',20,25,14,1,'Fog',0,0,'WSW',2,'Unaided eye'),
(005,46,2,6,'NW',35,10,13.5,1,'Fog',0,0,'WSW',2,'Unaided eye'),
(005,47,2,6,'NNW',30,10,15,1,'Fog',0,0,'WSW',2,'Unaided eye'),
(005,48,2,6,'NW',35,5,60,1,'Fog',0,0,'WSW',2,'Unaided eye'),
(005,49,2,6,'NW',40,5,15.5,1,'Fog',0,0,'WSW',2,'Unaided eye'),
(005,50,3,12,'NW',35,5,15.5,1,'Fog',0,0,'WSW',2,'Unaided eye'),
(005,51,3,12,'NW',50,10,15.5,1,'Fog',0,0,'WSW',2,'Unaided eye'),
(005,52,2,6,'NW',50,20,14.5,0,'None',0,0,'WSW',2,'Unaided eye'),

(006,53,1,1,'S',25,75,6,1,'Fog',0,0,'WSW',2,'Unaided eye'),
(006,54,1,1,'S',25,50,7,1,'Fog',0,0,'WSW',2,'Unaided eye'),
(006,55,1,1,'S',25,80,8,1,'Fog',0,0,'WSW',2,'Unaided eye'),
(006,56,2,6,'S',25,30,12,0,'None',0,0,'WSW',2,'Unaided eye'),
(006,57,3,12,'S',25,40,13,0,'None',0,0,'WSW',2,'Unaided eye'),
(006,58,3,12,'S',25,25,14,0,'None',0,0,'WSW',2,'Unaided eye'),
(006,59,3,12,'S',25,20,14,0,'None',0,0,'WSW',2,'Unaided eye'),
(006,60,3,12,'S',25,20,14,0,'None',0,0,'WSW',2,'Unaided eye'),

(007,61,3,12,'W',25,40,13,1,'Fog',0,0,NULL,NULL,NULL),
(007,62,3,12,'W',25,40,15,1,'Fog',0,0,NULL,NULL,NULL),
(007,63,3,12,'WSW',25,20,17.5,1,'Fog',0,0,'SW',1,'Eye level to 30m'),
(007,64,1,1,'SW',30,35,20,1,'Fog',0,0,'SW',1,'Eye level to 30'),
(007,65,2,6,'WNW',35,30,20,1,'Fog',0,0,'WSW',2,'Unaided eye'),
(007,66,2,6,'NW',40,30,23,0,'None',0,0,'WSW',2,'Unaided eye'),
(007,67,2,6,'NW',50,5,21,0,'None',0,0,'WSW',2,'Unaided eye'),
(007,68,3,12,'NW',50,5,20,0,'None',0,0,'WSW',2,'Unaided eye'),
(007,69,3,12,'NW',50,5,19,0,'None',0,0,'WSW',2,'Unaided eye'),

(008,70,2,6,'N',50,0,6,0,'None',0,0,'WSW',2,'Unaided eye'),
(008,71,2,6,'N',50,5,6.5,0,'None',0,0,'WSW',2,'Unaided eye'),
(008,72,2,6,'N',50,5,7,0,'None',0,0,'WSW',2,'Unaided eye'),
(008,73,2,6,'N',50,10,8.5,0,'None',0,0,'WSW',2,'Unaided eye'),
(008,74,2,6,'W',50,75,9.5,0,'None',0,0,'WSW',2,'Unaided eye'),
(008,75,2,6,'NNW',50,75,10,0,'None',0,0,'WSW',2,'Unaided eye'),
(008,76,2,6,'ESE',50,50,12,0,'None',0,0,'SW',2,'Unaided eye'),
(008,77,2,6,'ESE',50,40,11,0,'None',0,0,'SW',2,'Unaided eye'),
(008,78,2,6,'ESE',50,35,10,0,'None',0,0,'WSW',2,'Unaided eye'),

(009,79,1,1,'S',3,100,7,1,'Fog',0,0,'WSW',2,'Unaided eye'),
(009,80,1,1,'S',0,100,7,2,'Drizzle',0,0,'WSW',2,'Unaided eye'),
(009,81,1,1,'S',5,100,8,1,'Fog',0,0,'WSW',2,'Unaided eye'),
(009,82,2,6,'SW',8,90,10,1,'Fog',0,0,'WSW',2,'Unaided eye'),
(009,83,2,6,'SW',15,80,10,1,'Fog',0,0,'WSW',2,'Unaided eye'),
(009,84,2,6,'SW',25,70,11,1,'Fog',0,0,'WSW',2,'Unaided eye'),
(009,85,2,6,'SW',30,5,11,0,'None',0,0,'WSW',2,'Unaided eye'),
(009,86,1,1,'SW',30,5,12,0,'None',0,0,'WSW',2,'Unaided eye'),
(009,87,2,6,'WNW',30,25,12,0,'None',0,0,'WSW',2,'Unaided eye'),

(010,88,0,0,NULL,50,100,8,0,'None',0,0,'WSW',2,'Unaided eye'),
(010,89,1,1,'SW',50,100,8,0,'None',0,0,'WSW',2,'Unaided eye'),
(010,90,1,1,'SW',50,100,8,0,'None',0,0,'WSW',2,'Unaided eye'),
(010,91,1,1,'SW',50,100,8,0,'None',0,0,'WSW',2,'Unaided eye'),
(010,92,2,6,'SW',50,80,9,0,'None',0,0,'WSW',2,'Unaided eye'),
(010,93,2,6,'SW',50,60,9,0,'None',0,0,'WSW',2,'Unaided eye'),
(010,94,2,6,'SW',50,50,9,0,'None',0,0,'WSW',2,'Unaided eye'),
(010,95,2,6,'SW',50,40,8,0,'None',0,0,'WSW',2,'Unaided eye'),

(011,96,0,0,'NW',25,10,4,1,'Fog',0,0,'WSW',2,'Unaided eye'),
(011,97,0,0,'NW',25,10,5,1,'Fog',0,0,'WSW',2,'Unaided eye'),
(011,98,1,1,'NW',25,5,6,1,'Fog',0,0,'WSW',2,'Unaided eye'),
(011,99,1,1,'NW',25,5,7,1,'Fog',0,0,'WSW',2,'Unaided eye'),
(011,100,1,1,'NW',25,30,8,1,'Fog',0,0,'WSW',2,'Unaided eye'),
(011,101,2,6,'NW',25,70,10,1,'Fog',0,0,'WSW',2,'Unaided eye'),
(011,102,2,6,'NW',25,80,10,1,'Fog',0,0,'WSW',2,'Unaided eye'),
(011,103,2,6,'NW',25,90,10,1,'Fog',0,0,'WSW',2,'Unaided eye'),
(011,104,2,6,'NW',25,90,9,1,'Fog',0,0,'WSW',2,'Unaided eye'),
(011,105,2,6,'NW',25,100,9,1,'Fog',0,0,'WSW',2,'Unaided eye'),
(011,106,2,6,'NW',25,100,9,1,'Fog',0,0,'WSW',2,'Unaided eye'),

(012,107,2,6,'NW',50,35,0,0,'None',0,0,NULL,NULL,NULL),
(012,108,2,6,'WNW',50,85,2.5,0,'None',0,0,'WNW',1,'Eye level to 30m'),
(012,109,2,6,'NW',50,60,1.5,0,'None',0,0,'WSW',2,'Eye level to 30m'),
(012,110,2,6,'NW',50,65,4,0,'None',0,0,'WSW',2,'Unaided eye'),
(012,111,2,6,'NW',50,70,4.5,0,'None',0,0,'WSW',2,'Unaided eye'),
(012,112,2,6,'NW',50,40,6,0,'None',0,0,'WSW',2,'Unaided eye'),
(012,113,2,6,'NW',50,15,6,0,'None',0,0,'WSW',2,'Unaided eye'),
(012,114,2,6,'NW',50,20,6,0,'None',0,0,NULL,NULL,NULL),
(012,115,2,6,'NW',50,5,5.5,0,'None',0,0,'WSW',2,'Unaided eye'),

(013,116,0,0,NULL,30,0,0,1,'Fog',0,0,NULL,NULL,NULL),
(013,117,2,6,'S',30,5,3.5,1,'Fog',0,0,'SW',1,'Eye level to 30m'),
(013,118,2,6,'S',30,5,4.5,1,'Fog',0,0,'SW',2,'Unaided eye'),
(013,119,2,6,'S',35,15,7,1,'Fog',0,0,'SW',2,'Unaided eye'),
(013,120,3,12,'S',35,15,7.5,1,'Fog',0,0,'SW',2,'Unaided eye'),
(013,121,2,6,'S',40,15,9.5,0,'None',0,0,'SW',2,'Unaided eye'),
(013,122,2,6,'S',35,5,9.5,1,'Fog',0,0,'SW',2,'Unaided eye'),
(013,123,2,6,'S',35,15,9,0,'None',0,0,'WSW',2,'Unaided eye'),
(013,124,2,6,'S',35,0,0,0,'None',0,0,NULL,NULL,NULL),

(014,125,2,6,'N',50,50,6,0,'None',0,0,'WSW',1,'Eye level to 30m'),
(014,126,3,12,'NW',50,40,6,0,'None',0,0,'WSW',2,'Unaided eye'),
(014,127,3,12,'NW',50,20,6.5,0,'None',0,0,'WSW',2,'Unaided eye'),
(014,128,3,12,'NW',50,15,7,0,'None',0,0,'WSW',2,'Unaided eye'),
(014,129,2,6,'NW',50,5,8.5,0,'None',0,0,'WSW',2,'Unaided eye'),
(014,130,2,6,'NW',50,5,10,0,'None',0,0,'WSW',2,'Unaided eye'),
(014,131,2,6,'NW',50,2,10,0,'None',0,0,'WSW',2,'Unaided eye'),
(014,132,2,6,'NNW',50,0,10,0,'None',0,0,'WSW',2,'Unaided eye'),
(014,133,2,6,'NW',50,0,10,0,'None',0,0,'WSW',2,'Unaided eye'),
(014,134,2,6,'NW',50,0,9.5,0,'None',0,0,'WSW',2,'Unaided eye'),

(015,135,2,6,'S',40,10,4,1,'Fog',0,0,'WSW',2,'Unaided eye'),
(015,136,2,6,'S',40,30,6.5,1,'Fog',0,0,'WSW',2,'Unaided eye'),
(015,137,2,6,'S',40,45,8.5,1,'Fog',0,0,'WSW',2,'Unaided eye'),
(015,138,2,6,'S',40,35,10.5,1,'Fog',0,0,'WSW',2,'Unaided eye'),
(015,139,2,6,'S',50,65,10.5,1,'Fog',0,0,'WSW',2,'Unaided eye'),
(015,140,3,12,'S',50,75,10,1,'Fog',0,0,'WSW',2,'Unaided eye'),
(015,141,2,6,'S',40,85,10,1,'Fog',0,0,'WSW',2,'Unaided eye'),
(015,142,2,6,'S',35,90,11,1,'Fog',0,0,'WSW',2,'Unaided eye'),

(016,143,0,0,NULL,20,0,10,1,'Fog',0,0,NULL,NULL,NULL),
(016,144,1,1,'S',15,0,13.5,1,'Fog',0,0,NULL,NULL,NULL),
(016,145,2,6,'S',15,0,12.5,1,'Fog',0,0,'SW',2,'Unaided eye'),
(016,146,2,6,'SW',15,0,16,1,'Fog',0,0,'SW',2,'Unaided eye'),
(016,147,2,6,'SSW',20,0,16,1,'Fog',0,0,'SW',2,'Unaided eye'),
(016,148,2,6,'S',20,0,16.5,1,'Fog',0,0,'SW',2,'Unaided eye'),
(016,149,2,6,'SSW',25,85,16.5,1,'Fog',0,0,'SW',2,'Unaided eye'),
(016,150,2,6,'SSW',25,85,16.5,1,'Fog',0,0,NULL,NULL,NULL),

(017,151,3,12,'S',20,80,8,1,'Fog',NULL,NULL,'WSW',2,'Unaided eye'),
(017,152,3,12,'S',20,80,9,1,'Fog',NULL,NULL,'WSW',2,'Unaided eye'),
(017,153,3,12,'S',20,100,10,1,'Fog',NULL,NULL,NULL,NULL,NULL),
(017,154,3,12,'S',18,90,12,1,'Fog',NULL,NULL,'WSW',2,'Unaided eye'),
(017,155,2,6,'S',18,100,13,1,'Fog',NULL,NULL,'WSW',2,'Unaided eye'),
(017,156,2,6,'S',18,100,14,1,'Fog',NULL,NULL,'WSW',2,'Unaided eye'),
(017,157,2,6,'S',18,100,14,1,'Fog',NULL,NULL,'WSW',2,'Unaided eye'),
(017,158,2,6,'S',18,100,14,1,'Fog',NULL,NULL,'WSW',2,'Unaided eye'),

(018,159,0,0,NULL,0,0,0,0,'None',0,0,NULL,NULL,NULL),
(018,160,4,20,'NW',50,100,5,0,'None',0,0,'WSW',2,'Unaided eye'),
(018,161,4,20,'NW',50,95,5,0,'None',0,0,'WSW',2,'Unaided eye'),
(018,162,4,20,'NW',50,40,5,0,'None',0,0,'WSW',2,'Unaided eye'),
(018,163,3,12,'NW',50,25,4.5,0,'None',0,0,'WSW',2,'Unaided eye'),
(018,164,3,12,'NW',50,10,6,0,'None',0,0,'WSW',2,'Unaided eye'),
(018,165,3,12,'NW',50,5,6.5,0,'None',0,0,'WSW',2,'Unaided eye'),
(018,166,3,12,'NW',50,2,7,0,'None',0,0,'WSW',2,'Unaided eye'),
(018,167,3,12,'NW',50,0,7,0,'None',0,0,'WSW',2,'Unaided eye'),
(018,168,2,6,'NW',50,0,7.5,0,'None',0,0,'WSW',2,'Unaided eye'),
(018,169,2,6,'NW',50,0,7,0,'None',0,0,'WSW',2,'Unaided eye'),

(019,170,0,0,NULL,30,0,NULL,1,'Fog',NULL,NULL,NULL,NULL,NULL),
(019,171,1,1,'WNW',30,0,NULL,1,'Fog',NULL,NULL,NULL,NULL,NULL),
(019,172,2,6,'WNW',30,0,6,1,'Fog',NULL,NULL,'SW',0,'Below eye level'),
(019,173,1,1,'WNW',30,0,6,1,'Fog',NULL,NULL,'SW',2,'Unaided eye'),
(019,174,2,6,'W',40,2,9,1,'Fog',NULL,NULL,'SW',2,'Unaided eye'),
(019,175,2,6,'WNW',50,2,9.5,1,'Fog',NULL,NULL,'WSW',2,'Unaided eye'),
(019,176,2,6,'WNW',50,2,11,1,'Fog',NULL,NULL,'WSW',2,'Unaided eye'),
(019,177,3,12,'NW',50,5,10,1,'Fog',NULL,NULL,'WSW',2,'Unaided eye'),
(019,178,3,12,'WNW',50,0,10,1,'Fog',NULL,NULL,'WSW',2,'Unaided eye'),
(019,179,2,6,'WNW',50,0,9.5,1,'Fog',NULL,NULL,NULL,NULL,NULL),
(019,180,NULL,NULL,NULL,NULL,NULL,NULL,NULL,NULL,NULL,NULL,NULL,NULL,NULL),

(020,181,2,6,'NNE',50,10,0.5,0,'None',0,0,'WSW',2,'Unaided eye'),
(020,182,2,6,'NNE',50,65,1,0,'None',0,0,'WSW',2,'Unaided eye'),
(020,183,2,6,'NNE',50,75,2,0,'None',0,0,'WSW',2,'Unaided eye'),
(020,184,2,6,'NNE',50,65,3.5,0,'None',0,0,'WSW',2,'Unaided eye'),
(020,185,2,6,'N',50,85,4,0,'None',0,0,'SW',2,'Unaided eye'),
(020,186,1,1,NULL,50,85,4,0,'None',0,0,NULL,NULL,NULL),
(020,187,1,1,NULL,50,85,4,0,'None',0,0,NULL,NULL,NULL),

(021,188,NULL,NULL,NULL,NULL,NULL,NULL,NULL,NULL,NULL,NULL,NULL,NULL,NULL),

(022,189,1,1,'NW',25,90,8,1,'Fog',0,0,'WSW',2,'Unaided eye'),
(022,190,2,6,'NW',25,80,8,1,'Fog',NULL,NULL,'WSW',2,'Unaided eye'),
(022,191,3,12,'NW',30,80,9,0,'None',NULL,NULL,'WSW',2,'Unaided eye'),
(022,192,3,12,'NW',30,90,9,0,'None',NULL,NULL,'WSW',2,'Unaided eye'),
(022,193,3,12,'NW',30,90,9,0,'None',NULL,NULL,'WSW',2,'Unaided eye'),
(022,194,3,12,'NW',30,70,10,0,'None',NULL,NULL,'WSW',2,'Unaided eye'),
(022,195,3,12,'NW',30,80,9,0,'None',NULL,NULL,'WSW',2,'Unaided eye'),
(022,196,3,12,'NW',30,90,8,0,'None',NULL,NULL,'WSW',2,'Unaided eye'),

(023,197,2,6,'NW',40,25,3,0,'None',NULL,NULL,'WSW',2,'Unaided eye'),
(023,198,2,6,'NW',40,25,3,0,'None',NULL,NULL,'WSW',2,'Unaided eye'),
(023,199,2,6,'NW',40,25,3,0,'None',NULL,NULL,'WSW',2,'Unaided eye'),
(023,200,2,6,'NW',40,25,3,0,'None',NULL,NULL,'WSW',2,'Unaided eye'),
(023,201,2,6,'NW',40,50,4,0,'None',NULL,NULL,'WSW',2,'Unaided eye'),
(023,202,1,1,'NW',40,50,7,0,'None',NULL,NULL,'WSW',2,'Unaided eye'),
(023,203,1,1,'NW',40,0,9,0,'None',NULL,NULL,'WSW',2,'Unaided eye'),
(023,204,1,1,'NW',40,0,8,0,'None',NULL,NULL,'WSW',2,'Unaided eye'),
(023,205,1,1,'NW',40,0,8,0,'None',NULL,NULL,'WSW',2,'Unaided eye'),
(023,206,1,1,'NW',40,0,7,0,'None',NULL,NULL,'WSW',2,'Unaided eye'),

(024,207,2,6,'NW',25,80,4,1,'Fog',NULL,NULL,'WSW',2,'Unaided eye'),
(024,208,2,6,'NW',25,90,4,1,'Fog',NULL,NULL,NULL,NULL,NULL),
(024,209,2,6,'NW',25,90,5,1,'Fog',NULL,NULL,'WSW',2,'Unaided eye'),
(024,210,2,6,'NW',25,90,5,1,'Fog',NULL,NULL,'WSW',2,'Unaided eye'),
(024,211,2,6,'NW',25,75,5,0,'None',NULL,NULL,'WSW',2,'Unaided eye'),
(024,212,2,6,'NW',25,65,5,0,'None',NULL,NULL,'WSW',2,'Unaided eye'),
(024,213,3,12,'NW',35,50,5,0,'None',NULL,NULL,'WSW',2,'Unaided eye'),
(024,214,3,12,'NW',35,40,5,0,'None',NULL,NULL,'WSW',2,'Unaided eye'),
(024,215,3,12,'NW',35,15,4,0,'None',NULL,NULL,'WSW',2,'Unaided eye'),
(024,216,2,6,'NW',35,0,3,0,'None',NULL,NULL,'WSW',2,'Unaided eye'),

(025,217,1,1,'S',50,90,2,0,'None',NULL,NULL,NULL,NULL,NULL),
(025,218,1,1,'S',50,75,1,0,'None',NULL,NULL,NULL,NULL,NULL),
(025,219,1,1,'S',50,50,1,0,'None',NULL,NULL,'WSW',2,'Unaided eye'),
(025,220,1,1,'S',50,10,2,0,'None',NULL,NULL,'WSW',2,'Unaided eye'),
(025,221,1,1,'S',50,5,2,0,'None',NULL,NULL,'WSW',2,'Unaided eye'),
(025,222,1,1,'S',50,0,3,0,'None',NULL,NULL,'WSW',2,'Unaided eye'),
(025,223,1,1,'S',50,0,3,0,'None',NULL,NULL,'WSW',2,'Unaided eye'),
(025,224,1,1,'S',50,0,2,0,'None',NULL,NULL,'WSW',2,'Unaided eye');

INSERT INTO NovemberObservationMetrics VALUES
    (1,001,252,1951),
    (2,0002,165,5936),
    (3,00003,120,309);
    
SELECT s.SpecieName,COALESCE(SUM(ots.SpecieCount), 0) AS TotalSpeciesObserved
FROM Species s
LEFT JOIN ObservationTimeRangeSpecies ots ON s.SpeciesID = ots.SpeciesID
GROUP BY s.SpecieName
WITH ROLLUP;

SELECT s.SpecieName AS MostFrequentBird, SUM(ots.SpecieCount) AS Totalobservations
FROM NovemberObservationMetrics nom
JOIN ObservationTimeRange otr ON nom.LocationID = otr.ObservationID
JOIN ObservationTimeRangeSpecies ots ON otr.ObservationTimeRangeID = ots.ObservationTimeRangeID
JOIN Species s ON ots.SpeciesID = s.SpeciesID
GROUP BY s.SpecieName
ORDER BY Totalobservations DESC
LIMIT 1;


SELECT oc.ObservationTimeRangeID,otr.ObservationTimeRangeStart,otr.ObservationTimeRangeEnd,
	   s.SpecieName,ots.SpecieCount,oc.Temperature,oc.WindSpeed,oc.VisibilityDistance
FROM ObservationConditions oc
INNER JOIN ObservationTimeRange otr ON oc.ObservationTimeRangeID = otr.ObservationTimeRangeID
INNER JOIN ObservationTimeRangeSpecies ots ON otr.ObservationTimeRangeID = ots.ObservationTimeRangeID
INNER JOIN Species s ON ots.SpeciesID = s.SpeciesID
ORDER BY oc.ObservationID, otr.ObservationTimeRangeStart;

SELECT
    otr.ObservationTimeRangeID,s.SpecieName,
    otrs.SpecieCount,oc.Temperature,
    oc.WindSpeed
FROM ObservationTimeRangeSpecies otrs
JOIN ObservationTimeRange otr 
ON otrs.ObservationTimeRangeID = otr.ObservationTimeRangeID
JOIN Species s ON otrs.SpeciesID = s.SpeciesID
JOIN ObservationConditions oc 
ON otr.ObservationID = oc.ObservationID
AND otr.ObservationTimeRangeID = oc.ObservationTimeRangeID
WHERE s.SpecieName = 'Red-tailed Hawk';
